image_001_p4_.jpeg,19
image_002_p6_.jpeg,25
image_003_p16_.jpeg,75
image_004_p23_.jpeg,115
image_005_p26_.jpeg,137
image_006_p33_.jpeg,170
image_007_p35_.jpeg,183
image_008_p40_.jpeg,210
image_009_p44_.jpeg,237
image_010_p48_.jpeg,255
image_011_p52_.jpeg,275
image_012_p53_.jpeg,284
image_013_p58_.jpeg,309
image_014_p60_.jpeg,317
image_015_p63_.jpeg,340
image_016_p64_.jpeg,346
image_017_p68_.jpeg,370
image_018_p72_.jpeg,386
image_019_p77_.jpeg,415
image_020_p83_.jpeg,450
image_021_p84_.jpeg,460
image_022_p86_.jpeg,471
image_023_p94_.jpeg,515
image_024_p98_.jpeg,535
image_025_p102_.jpeg,559
image_026_p105_.jpeg,578
image_027_p107_.jpeg,590
image_028_p111_.jpeg,610
image_029_p122_.jpeg,668
image_030_p125_.jpeg,691
image_031_p131_.jpeg,716
image_032_p134_.jpeg,733
image_033_p138_.jpeg,750
image_034_p143_.jpeg,775
image_035_p145_.jpeg,787
image_036_p150_.jpeg,814
image_037_p154_.jpeg,835
image_038_p159_.jpeg,862
image_039_p160_.jpeg,865
image_040_p164_.jpeg,890
